dataset,file,rows,bytes,sha256
access_grants,access_grants.csv,752,46603,903db7441c72675ff607a79b7191f043be245712e346ab90716a51e228fd8cb7
auth_logs,auth_logs.csv,24119,1251124,b2afb1e4b34d43758f19f75c9497889de1e61a83cf7a335c098f13b8e6fadc22
changes,changes.csv,400,46721,2a35b4228f2245d671a81da5cb0251ebcdbcc2b07cbd2cea9b5024b46be0fa5c
deploy_logs,deploy_logs.csv,366,17949,847e66af5672dd6b48603ada73f69cfb850a5e20f8f802033f8390f7e6e7607f
ground_truth,ground_truth.csv,165,10947,b7556566e4ca05527b59d7de1bf99aae38b5ac7b9789cd3b0aa26b79482aab88
ledger,ledger.csv,5266,283007,422af4680be9a0664f74d8e484d6391273640a65d559703293541dc91d448bfb
log_heartbeats,log_heartbeats.csv,24,1353,ae269b663ec78aaea5d4b5cd558b838d2f8c0bde861216ce56da1bc2f13979fa
processor_settlement,processor_settlement.csv,5233,197732,135347264c84a427d284e52f3d2cf64e1e25192c8cab26953a450b9f8a432422
users,users.csv,300,15793,d6dcd01409f6b23a09ea275fbdefd91b96576391eb48953f47332708fb33d610
