deploy_id,system,deployed_at,change_id
D00001,crm,2026-05-08 02:00:00,CHG00001
D00002,card-switch,2026-05-08 00:00:00,CHG00002
D00003,crm,2026-05-26 19:00:00,CHG00003
D00004,data-warehouse,2026-05-16 16:00:00,CHG00004
D00005,card-switch,2026-06-26 19:00:00,CHG00005
D00006,core-banking,2026-05-15 22:00:00,CHG00006
D00007,payments-gateway,2026-04-23 11:00:00,CHG00007
D00008,payments-gateway,2026-04-17 18:00:00,CHG00008
D00009,card-switch,2026-04-11 16:00:00,CHG00009
D00010,gl-system,2026-04-07 14:00:00,CHG00010
D00011,gl-system,2026-06-26 01:00:00,CHG00011
D00012,card-switch,2026-04-12 15:00:00,CHG00012
D00013,core-banking,2026-04-21 05:00:00,CHG00013
D00014,card-switch,2026-06-22 23:00:00,CHG00014
D00015,crm,2026-06-13 07:00:00,CHG00015
D00016,gl-system,2026-04-11 20:00:00,CHG00016
D00017,core-banking,2026-05-16 18:00:00,CHG00017
D00018,gl-system,2026-06-17 00:00:00,CHG00018
D00019,card-switch,2026-06-23 05:00:00,CHG00019
D00020,card-switch,2026-06-16 17:00:00,CHG00020
D00021,core-banking,2026-04-15 19:00:00,CHG00021
D00023,gl-system,2026-06-29 05:00:00,CHG00023
D00024,crm,2026-04-17 03:00:00,CHG00024
D00025,data-warehouse,2026-06-20 08:00:00,CHG00025
D00027,payments-gateway,2026-05-17 08:00:00,CHG00027
D00029,crm,2026-05-08 03:00:00,CHG00029
D00030,payments-gateway,2026-04-19 13:00:00,CHG00030
D00031,gl-system,2026-06-22 04:00:00,CHG00031
D00032,payments-gateway,2026-06-25 23:00:00,CHG00032
D00034,core-banking,2026-04-17 10:00:00,CHG00034
D00035,gl-system,2026-04-27 19:00:00,CHG00035
D00036,gl-system,2026-05-02 19:00:00,CHG00036
D00037,payments-gateway,2026-04-11 14:00:00,CHG00037
D00038,card-switch,2026-05-20 00:00:00,CHG00038
D00039,crm,2026-05-19 22:00:00,CHG00039
D00040,crm,2026-04-19 05:00:00,CHG00040
D00041,card-switch,2026-04-28 11:00:00,CHG00041
D00042,gl-system,2026-04-10 15:00:00,CHG00042
D00043,crm,2026-05-31 23:00:00,CHG00043
D00044,gl-system,2026-05-12 10:00:00,CHG00044
D00045,card-switch,2026-05-22 22:00:00,CHG00045
D00046,core-banking,2026-06-20 14:00:00,CHG00046
D00047,data-warehouse,2026-06-20 14:00:00,CHG00047
D00048,card-switch,2026-06-20 23:00:00,CHG00048
D00049,card-switch,2026-06-21 14:00:00,CHG00049
D00050,gl-system,2026-05-24 17:00:00,CHG00050
D00051,crm,2026-04-12 00:00:00,CHG00051
D00052,card-switch,2026-06-19 18:00:00,CHG00052
D00053,payments-gateway,2026-06-15 09:00:00,CHG00053
D00054,core-banking,2026-06-30 03:00:00,CHG00054
D00055,card-switch,2026-06-25 15:00:00,CHG00055
D00056,crm,2026-05-02 00:00:00,CHG00056
D00058,data-warehouse,2026-04-11 23:00:00,CHG00058
D00061,card-switch,2026-06-26 04:00:00,CHG00061
D00062,core-banking,2026-06-22 14:00:00,CHG00062
D00063,card-switch,2026-05-27 05:00:00,CHG00063
D00064,gl-system,2026-04-16 21:00:00,CHG00064
D00065,gl-system,2026-06-20 14:00:00,CHG00065
D00066,crm,2026-05-08 15:00:00,CHG00066
D00067,card-switch,2026-04-18 20:00:00,CHG00067
D00068,payments-gateway,2026-04-08 21:00:00,CHG00068
D00069,core-banking,2026-04-27 08:00:00,CHG00069
D00070,gl-system,2026-04-11 06:00:00,CHG00070
D00072,card-switch,2026-06-13 12:00:00,CHG00072
D00073,payments-gateway,2026-06-25 16:00:00,CHG00073
D00074,payments-gateway,2026-06-15 01:00:00,CHG00074
D00075,card-switch,2026-04-04 13:00:00,CHG00075
D00076,payments-gateway,2026-06-19 22:00:00,CHG00076
D00078,data-warehouse,2026-04-10 20:00:00,CHG00078
D00079,card-switch,2026-06-09 15:00:00,CHG00079
D00080,core-banking,2026-06-01 21:00:00,CHG00080
D00081,core-banking,2026-06-19 23:00:00,CHG00081
D00082,gl-system,2026-05-17 17:00:00,CHG00082
D00083,crm,2026-04-15 13:00:00,CHG00083
D00084,core-banking,2026-05-28 21:00:00,CHG00084
D00085,card-switch,2026-05-12 04:00:00,CHG00085
D00086,data-warehouse,2026-04-28 17:00:00,CHG00086
D00087,crm,2026-05-02 07:00:00,CHG00087
D00088,gl-system,2026-05-03 16:00:00,CHG00088
D00089,crm,2026-06-10 08:00:00,CHG00089
D00090,data-warehouse,2026-04-08 01:00:00,CHG00090
D00092,core-banking,2026-06-16 14:00:00,CHG00092
D00093,gl-system,2026-06-06 09:00:00,CHG00093
D00094,crm,2026-06-05 01:00:00,CHG00094
D00095,gl-system,2026-04-18 13:00:00,CHG00095
D00096,payments-gateway,2026-06-16 22:00:00,CHG00096
D00097,card-switch,2026-05-02 01:00:00,CHG00097
D00098,gl-system,2026-05-06 09:00:00,CHG00098
D00100,payments-gateway,2026-05-04 01:00:00,CHG00100
D00101,core-banking,2026-05-16 11:00:00,CHG00101
D00102,payments-gateway,2026-06-08 17:00:00,CHG00102
D00103,data-warehouse,2026-04-25 05:00:00,CHG00103
D00104,gl-system,2026-06-17 01:00:00,CHG00104
D00105,data-warehouse,2026-05-27 01:00:00,CHG00105
D00106,gl-system,2026-05-04 13:00:00,CHG00106
D00107,card-switch,2026-06-05 22:00:00,CHG00107
D00108,gl-system,2026-04-28 17:00:00,CHG00108
D00109,crm,2026-04-13 13:00:00,CHG00109
D00110,payments-gateway,2026-05-10 22:00:00,CHG00110
D00111,core-banking,2026-06-28 05:00:00,CHG00111
D00112,data-warehouse,2026-06-26 14:00:00,CHG00112
D00113,gl-system,2026-05-08 20:00:00,CHG00113
D00114,payments-gateway,2026-04-11 13:00:00,CHG00114
D00115,crm,2026-05-25 10:00:00,CHG00115
D00116,core-banking,2026-05-26 07:00:00,CHG00116
D00117,payments-gateway,2026-05-30 05:00:00,CHG00117
D00118,gl-system,2026-05-06 21:00:00,CHG00118
D00120,card-switch,2026-05-22 20:00:00,CHG00120
D00121,card-switch,2026-05-18 17:00:00,CHG00121
D00123,core-banking,2026-05-28 22:00:00,CHG00123
D00124,core-banking,2026-04-27 05:00:00,CHG00124
D00125,core-banking,2026-05-07 21:00:00,CHG00125
D00127,core-banking,2026-05-06 01:00:00,CHG00127
D00128,data-warehouse,2026-05-21 16:00:00,CHG00128
D00129,data-warehouse,2026-06-21 18:00:00,CHG00129
D00130,crm,2026-05-11 09:00:00,CHG00130
D00131,card-switch,2026-06-30 13:00:00,CHG00131
D00132,payments-gateway,2026-04-20 00:00:00,CHG00132
D00136,data-warehouse,2026-04-20 20:00:00,CHG00136
D00137,data-warehouse,2026-06-20 06:00:00,CHG00137
D00138,crm,2026-06-09 20:00:00,CHG00138
D00139,gl-system,2026-05-02 15:00:00,CHG00139
D00140,data-warehouse,2026-04-29 00:00:00,CHG00140
D00141,gl-system,2026-06-25 23:00:00,CHG00141
D00142,gl-system,2026-04-11 08:00:00,CHG00142
D00143,payments-gateway,2026-05-19 05:00:00,CHG00143
D00144,gl-system,2026-05-14 22:00:00,CHG00144
D00145,core-banking,2026-04-14 08:00:00,CHG00145
D00147,gl-system,2026-05-11 09:00:00,CHG00147
D00148,core-banking,2026-05-16 09:00:00,CHG00148
D00149,card-switch,2026-06-22 07:00:00,CHG00149
D00150,payments-gateway,2026-05-04 04:00:00,CHG00150
D00151,crm,2026-06-08 21:00:00,CHG00151
D00152,payments-gateway,2026-05-03 14:00:00,CHG00152
D00153,card-switch,2026-05-10 05:00:00,CHG00153
D00154,payments-gateway,2026-06-17 06:00:00,CHG00154
D00155,crm,2026-04-03 14:00:00,CHG00155
D00156,crm,2026-04-06 03:00:00,CHG00156
D00157,data-warehouse,2026-06-25 22:00:00,CHG00157
D00158,card-switch,2026-05-15 19:00:00,CHG00158
D00159,core-banking,2026-06-03 20:00:00,CHG00159
D00160,payments-gateway,2026-06-01 08:00:00,CHG00160
D00161,crm,2026-05-03 17:00:00,CHG00161
D00162,core-banking,2026-04-22 13:00:00,CHG00162
D00163,card-switch,2026-04-25 01:00:00,CHG00163
D00165,data-warehouse,2026-05-14 15:00:00,CHG00165
D00166,crm,2026-05-19 12:00:00,CHG00166
D00167,core-banking,2026-05-17 04:00:00,CHG00167
D00168,card-switch,2026-04-02 05:00:00,CHG00168
D00169,core-banking,2026-05-29 14:00:00,CHG00169
D00170,data-warehouse,2026-05-10 19:00:00,CHG00170
D00171,data-warehouse,2026-04-16 12:00:00,CHG00171
D00172,core-banking,2026-06-23 06:00:00,CHG00172
D00173,crm,2026-06-06 19:00:00,CHG00173
D00174,gl-system,2026-06-25 05:00:00,CHG00174
D00175,payments-gateway,2026-05-11 05:00:00,CHG00175
D00176,card-switch,2026-05-06 02:00:00,CHG00176
D00177,card-switch,2026-05-02 14:00:00,CHG00177
D00179,card-switch,2026-05-03 23:00:00,CHG00179
D00180,payments-gateway,2026-06-25 05:00:00,CHG00180
D00181,data-warehouse,2026-04-11 20:00:00,CHG00181
D00182,data-warehouse,2026-06-21 07:00:00,CHG00182
D00183,payments-gateway,2026-05-24 08:00:00,CHG00183
D00184,payments-gateway,2026-04-07 23:00:00,CHG00184
D00185,core-banking,2026-04-11 04:00:00,CHG00185
D00188,card-switch,2026-04-25 09:00:00,CHG00188
D00189,gl-system,2026-06-11 15:00:00,CHG00189
D00190,core-banking,2026-06-23 02:00:00,CHG00190
D00191,payments-gateway,2026-04-17 05:00:00,CHG00191
D00192,data-warehouse,2026-04-25 23:00:00,CHG00192
D00193,core-banking,2026-06-05 09:00:00,CHG00193
D00194,payments-gateway,2026-05-20 15:00:00,CHG00194
D00195,data-warehouse,2026-06-19 07:00:00,CHG00195
D00196,payments-gateway,2026-06-23 10:00:00,CHG00196
D00197,payments-gateway,2026-06-21 08:00:00,CHG00197
D00198,data-warehouse,2026-04-09 21:00:00,CHG00198
D00199,card-switch,2026-05-07 10:00:00,CHG00199
D00200,payments-gateway,2026-04-02 04:00:00,CHG00200
D00201,core-banking,2026-06-08 05:00:00,CHG00201
D00202,core-banking,2026-06-15 12:00:00,CHG00202
D00203,core-banking,2026-05-20 07:00:00,CHG00203
D00204,gl-system,2026-06-21 01:00:00,CHG00204
D00205,crm,2026-05-23 05:00:00,CHG00205
D00206,crm,2026-06-23 00:00:00,CHG00206
D00207,gl-system,2026-05-03 15:00:00,CHG00207
D00208,card-switch,2026-04-14 16:00:00,CHG00208
D00209,core-banking,2026-05-27 21:00:00,CHG00209
D00210,crm,2026-06-07 19:00:00,CHG00210
D00211,payments-gateway,2026-05-29 19:00:00,CHG00211
D00212,crm,2026-04-24 06:00:00,CHG00212
D00213,core-banking,2026-05-31 10:00:00,CHG00213
D00214,payments-gateway,2026-04-15 12:00:00,CHG00214
D00215,card-switch,2026-04-04 14:00:00,CHG00215
D00216,core-banking,2026-06-05 21:00:00,CHG00216
D00217,crm,2026-06-15 12:00:00,CHG00217
D00218,card-switch,2026-05-08 08:00:00,CHG00218
D00219,data-warehouse,2026-06-29 16:00:00,CHG00219
D00220,card-switch,2026-05-03 10:00:00,CHG00220
D00221,core-banking,2026-05-27 17:00:00,CHG00221
D00222,payments-gateway,2026-04-24 16:00:00,CHG00222
D00223,card-switch,2026-05-05 23:00:00,CHG00223
D00225,crm,2026-05-25 02:00:00,CHG00225
D00226,card-switch,2026-05-10 15:00:00,CHG00226
D00227,gl-system,2026-04-16 12:00:00,CHG00227
D00228,gl-system,2026-06-23 16:00:00,CHG00228
D00229,payments-gateway,2026-04-13 06:00:00,CHG00229
D00230,core-banking,2026-05-07 23:00:00,CHG00230
D00231,gl-system,2026-05-17 06:00:00,CHG00231
D00232,card-switch,2026-05-01 10:00:00,CHG00232
D00233,gl-system,2026-06-20 03:00:00,CHG00233
D00234,data-warehouse,2026-05-31 07:00:00,CHG00234
D00235,crm,2026-05-26 16:00:00,CHG00235
D00237,core-banking,2026-06-26 02:00:00,CHG00237
D00238,card-switch,2026-05-19 06:00:00,CHG00238
D00241,gl-system,2026-04-04 08:00:00,CHG00241
D00242,card-switch,2026-06-01 00:00:00,CHG00242
D00243,card-switch,2026-06-20 14:00:00,CHG00243
D00245,core-banking,2026-04-03 07:00:00,CHG00245
D00246,data-warehouse,2026-06-18 10:00:00,CHG00246
D00247,payments-gateway,2026-06-03 19:00:00,CHG00247
D00248,crm,2026-06-26 09:00:00,CHG00248
D00249,card-switch,2026-05-25 21:00:00,CHG00249
D00250,core-banking,2026-05-05 10:00:00,CHG00250
D00251,crm,2026-06-30 03:00:00,CHG00251
D00252,payments-gateway,2026-06-25 03:00:00,CHG00252
D00253,core-banking,2026-04-04 14:00:00,CHG00253
D00254,card-switch,2026-04-07 09:00:00,CHG00254
D00255,payments-gateway,2026-04-16 11:00:00,CHG00255
D00259,card-switch,2026-06-03 10:00:00,CHG00259
D00260,data-warehouse,2026-04-27 11:00:00,CHG00260
D00261,core-banking,2026-06-12 22:00:00,CHG00261
D00263,card-switch,2026-04-10 12:00:00,CHG00263
D00264,gl-system,2026-06-08 10:00:00,CHG00264
D00265,gl-system,2026-06-01 08:00:00,CHG00265
D00266,core-banking,2026-05-08 11:00:00,CHG00266
D00267,gl-system,2026-04-10 22:00:00,CHG00267
D00268,data-warehouse,2026-04-19 09:00:00,CHG00268
D00269,card-switch,2026-06-12 10:00:00,CHG00269
D00270,card-switch,2026-06-20 07:00:00,CHG00270
D00271,gl-system,2026-04-25 16:00:00,CHG00271
D00272,data-warehouse,2026-05-24 09:00:00,CHG00272
D00273,crm,2026-05-31 02:00:00,CHG00273
D00274,data-warehouse,2026-05-18 04:00:00,CHG00274
D00275,payments-gateway,2026-04-04 20:00:00,CHG00275
D00276,data-warehouse,2026-05-31 13:00:00,CHG00276
D00277,payments-gateway,2026-05-02 20:00:00,CHG00277
D00279,core-banking,2026-04-10 05:00:00,CHG00279
D00280,payments-gateway,2026-05-12 15:00:00,CHG00280
D00281,card-switch,2026-04-04 07:00:00,CHG00281
D00282,gl-system,2026-04-24 16:00:00,CHG00282
D00283,crm,2026-05-02 15:00:00,CHG00283
D00284,card-switch,2026-05-04 04:00:00,CHG00284
D00285,data-warehouse,2026-05-08 07:00:00,CHG00285
D00286,gl-system,2026-05-03 23:00:00,CHG00286
D00287,core-banking,2026-04-11 02:00:00,CHG00287
D00288,payments-gateway,2026-05-17 21:00:00,CHG00288
D00289,data-warehouse,2026-06-21 20:00:00,CHG00289
D00290,payments-gateway,2026-06-08 01:00:00,CHG00290
D00291,card-switch,2026-05-28 16:00:00,CHG00291
D00292,crm,2026-06-27 20:00:00,CHG00292
D00293,crm,2026-05-02 22:00:00,CHG00293
D00294,gl-system,2026-05-27 01:00:00,CHG00294
D00295,payments-gateway,2026-04-30 11:00:00,CHG00295
D00296,core-banking,2026-06-22 04:00:00,CHG00296
D00297,gl-system,2026-05-05 01:00:00,CHG00297
D00299,card-switch,2026-06-04 03:00:00,CHG00299
D00302,data-warehouse,2026-04-27 05:00:00,CHG00302
D00303,crm,2026-05-10 03:00:00,CHG00303
D00304,gl-system,2026-05-31 21:00:00,CHG00304
D00305,payments-gateway,2026-05-10 04:00:00,CHG00305
D00307,card-switch,2026-04-08 15:00:00,CHG00307
D00308,core-banking,2026-04-23 04:00:00,CHG00308
D00309,core-banking,2026-06-15 20:00:00,CHG00309
D00310,gl-system,2026-04-23 11:00:00,CHG00310
D00311,data-warehouse,2026-05-20 10:00:00,CHG00311
D00312,data-warehouse,2026-04-15 10:00:00,CHG00312
D00313,card-switch,2026-05-16 11:00:00,CHG00313
D00314,card-switch,2026-06-12 21:00:00,CHG00314
D00315,payments-gateway,2026-04-04 11:00:00,CHG00315
D00316,data-warehouse,2026-04-15 00:00:00,CHG00316
D00317,data-warehouse,2026-06-11 11:00:00,CHG00317
D00318,gl-system,2026-05-22 19:00:00,CHG00318
D00319,card-switch,2026-04-02 19:00:00,CHG00319
D00321,core-banking,2026-06-09 07:00:00,CHG00321
D00322,card-switch,2026-05-14 11:00:00,CHG00322
D00323,data-warehouse,2026-06-02 22:00:00,CHG00323
D00324,crm,2026-04-10 18:00:00,CHG00324
D00325,crm,2026-05-02 01:00:00,CHG00325
D00326,data-warehouse,2026-04-09 16:00:00,CHG00326
D00327,card-switch,2026-05-19 17:00:00,CHG00327
D00328,payments-gateway,2026-04-27 12:00:00,CHG00328
D00329,gl-system,2026-05-13 14:00:00,CHG00329
D00330,crm,2026-05-25 14:00:00,CHG00330
D00331,payments-gateway,2026-04-10 09:00:00,CHG00331
D00332,data-warehouse,2026-05-09 14:00:00,CHG00332
D00333,core-banking,2026-05-21 01:00:00,CHG00333
D00334,payments-gateway,2026-06-24 21:00:00,CHG00334
D00335,data-warehouse,2026-04-13 10:00:00,CHG00335
D00336,gl-system,2026-05-03 09:00:00,CHG00336
D00337,crm,2026-06-17 15:00:00,CHG00337
D00338,core-banking,2026-04-07 10:00:00,CHG00338
D00339,gl-system,2026-05-30 02:00:00,CHG00339
D00341,core-banking,2026-05-23 07:00:00,CHG00341
D00342,crm,2026-04-12 07:00:00,CHG00342
D00343,core-banking,2026-05-14 16:00:00,CHG00343
D00344,gl-system,2026-06-04 18:00:00,CHG00344
D00345,data-warehouse,2026-05-19 15:00:00,CHG00345
D00346,card-switch,2026-06-13 21:00:00,CHG00346
D00347,crm,2026-06-03 20:00:00,CHG00347
D00348,data-warehouse,2026-06-20 22:00:00,CHG00348
D00350,card-switch,2026-05-22 22:00:00,CHG00350
D00351,payments-gateway,2026-04-07 17:00:00,CHG00351
D00352,data-warehouse,2026-06-06 02:00:00,CHG00352
D00353,gl-system,2026-05-12 08:00:00,CHG00353
D00354,card-switch,2026-05-07 02:00:00,CHG00354
D00355,gl-system,2026-05-26 03:00:00,CHG00355
D00356,core-banking,2026-06-22 11:00:00,CHG00356
D00357,gl-system,2026-05-24 14:00:00,CHG00357
D00358,payments-gateway,2026-05-07 04:00:00,CHG00358
D00359,payments-gateway,2026-04-13 05:00:00,CHG00359
D00360,card-switch,2026-06-15 02:00:00,CHG00360
D00361,payments-gateway,2026-05-07 02:00:00,CHG00361
D00362,gl-system,2026-05-31 04:00:00,CHG00362
D00364,crm,2026-06-17 10:00:00,CHG00364
D00366,gl-system,2026-06-24 06:00:00,CHG00366
D00367,payments-gateway,2026-06-12 08:00:00,CHG00367
D00368,core-banking,2026-04-15 10:00:00,CHG00368
D00369,payments-gateway,2026-04-02 12:00:00,CHG00369
D00370,card-switch,2026-04-23 03:00:00,CHG00370
D00371,card-switch,2026-05-23 05:00:00,CHG00371
D00372,gl-system,2026-04-09 14:00:00,CHG00372
D00373,card-switch,2026-06-18 13:00:00,CHG00373
D00374,data-warehouse,2026-04-23 12:00:00,CHG00374
D00375,core-banking,2026-06-11 18:00:00,CHG00375
D00376,payments-gateway,2026-04-14 23:00:00,CHG00376
D00377,card-switch,2026-04-16 17:00:00,CHG00377
D00378,card-switch,2026-04-08 13:00:00,CHG00378
D00379,card-switch,2026-05-27 14:00:00,CHG00379
D00381,payments-gateway,2026-04-10 12:00:00,CHG00381
D00382,data-warehouse,2026-05-07 00:00:00,CHG00382
D00383,data-warehouse,2026-04-22 07:00:00,CHG00383
D00384,core-banking,2026-06-16 07:00:00,CHG00384
D00385,gl-system,2026-05-08 01:00:00,CHG00385
D00386,payments-gateway,2026-04-29 00:00:00,CHG00386
D00387,gl-system,2026-05-22 02:00:00,CHG00387
D00388,payments-gateway,2026-06-03 08:00:00,CHG00388
D00389,gl-system,2026-06-17 05:00:00,CHG00389
D00390,crm,2026-05-09 23:00:00,CHG00390
D00391,gl-system,2026-05-14 15:00:00,CHG00391
D00392,gl-system,2026-05-13 07:00:00,CHG00392
D00394,core-banking,2026-04-05 22:00:00,CHG00394
D00395,core-banking,2026-06-04 14:00:00,CHG00395
D00397,card-switch,2026-04-05 06:00:00,CHG00397
D00398,core-banking,2026-05-17 16:00:00,CHG00398
D00399,payments-gateway,2026-06-21 19:00:00,CHG00399
D00400,payments-gateway,2026-04-09 04:00:00,CHG00400
DX000,card-switch,2026-05-19 00:00:00,
DX001,data-warehouse,2026-04-14 00:00:00,CHG90001
DX002,data-warehouse,2026-05-19 00:00:00,
DX003,gl-system,2026-06-18 00:00:00,CHG90003
DX004,data-warehouse,2026-06-11 00:00:00,
DX005,core-banking,2026-06-02 00:00:00,CHG90005
DX006,payments-gateway,2026-06-01 00:00:00,
DX007,payments-gateway,2026-04-26 00:00:00,CHG90007
DX008,core-banking,2026-06-12 00:00:00,
DX009,crm,2026-04-25 00:00:00,CHG90009
